score,plaintext,segment,h,step,key
36.50,ATHERNAMECHAM, SHAPE TADH T,11x?,(2, 5),{' ': 'A', 'S': 'T', 'H': 'H', 'A': 'E', 'P': 'R', 'E': 'N', 'T': 'M', 'D': 'C'}
36.68,SINITSATIONST,HOTOYHCYODTHY,19x?,(1, 2),{'H': 'S', 'O': 'I', 'T': 'N', 'Y': 'T', 'C': 'A', 'D': 'O'}
36.78,NYINTHEINSINI,OCNOVBENOFNON,19x?,(1, 4),{'O': 'N', 'C': 'Y', 'N': 'I', 'V': 'T', 'B': 'H', 'E': 'E', 'F': 'S'}
37.00,YDETRANDTHEYD,ARITNGPRTLIAR,11x?,(2, 5),{'A': 'Y', 'R': 'D', 'I': 'E', 'T': 'T', 'N': 'R', 'G': 'A', 'P': 'N', 'L': 'H'}
37.10,LEDINTHEIRDLE,HETSDOAES THE,22x?,(2, 3),{'H': 'L', 'E': 'E', 'T': 'D', 'S': 'I', 'D': 'N', 'O': 'T', 'A': 'H', ' ': 'R'}
37.12,MHERETHERCEME,HRETESRETOEHE,17x?,(2, 3),{'H': 'M', 'R': 'H', 'E': 'E', 'T': 'R', 'S': 'T', 'O': 'C'}
37.13,GENDASANDINGN,TAEIRFREILETE,20x?,(1, 4),{'T': 'G', 'A': 'E', 'E': 'N', 'I': 'D', 'R': 'A', 'F': 'S', 'L': 'I'}
37.28,CHEEARTHERECH,HINN ATINANHI,22x?,(2, 3),{'H': 'C', 'I': 'H', 'N': 'E', ' ': 'A', 'A': 'R', 'T': 'T'}
37.78,TESTERWATESTA,TAETADLHTAETH,11x?,(1, 2),{'T': 'T', 'A': 'E', 'E': 'S', 'D': 'R', 'L': 'W', 'H': 'A'}
37.95,PLETERCETHEPE,AWHSHOEHSTHAH,17x?,(2, 3),{'A': 'P', 'W': 'L', 'H': 'E', 'S': 'T', 'O': 'R', 'E': 'C', 'T': 'H'}
37.98,SONERETHEENSH,LINRCRPORRNLO,11x?,(1, 4),{'L': 'S', 'I': 'O', 'N': 'N', 'R': 'E', 'C': 'R', 'P': 'T', 'O': 'H'}
37.99,DENCHARECONDE,FDIOPAHDOLIFD,11x?,(2, 5),{'F': 'D', 'D': 'E', 'I': 'N', 'O': 'C', 'P': 'H', 'A': 'A', 'H': 'R', 'L': 'O'}
38.06,ULDTHERATEDUA, IHTEOANTOH N,11x?,(1, 3),{' ': 'U', 'I': 'L', 'H': 'D', 'T': 'T', 'E': 'H', 'O': 'E', 'A': 'R', 'N': 'A'}
38.19,ADESECONSTEAN,OTSHSERUHISOU,24x?,(1, 2),{'O': 'A', 'T': 'D', 'S': 'E', 'H': 'S', 'E': 'C', 'R': 'O', 'U': 'N', 'I': 'T'}
38.21,STEACONTATEST,IOTL EAOLOTIO,22x?,(2, 3),{'I': 'S', 'O': 'T', 'T': 'E', 'L': 'A', ' ': 'C', 'E': 'O', 'A': 'N'}
38.27,RMETENDSTHERS, IORODSTRCO T,11x?,(1, 4),{' ': 'R', 'I': 'M', 'O': 'E', 'R': 'T', 'D': 'N', 'S': 'D', 'T': 'S', 'C': 'H'}
38.29,RFEEDTHEEVERE,ATEEKUHEEOEAE,11x?,(2, 3),{'A': 'R', 'T': 'F', 'E': 'E', 'K': 'D', 'U': 'T', 'H': 'H', 'O': 'V'}
38.35,NSEANDHEARENE,STAES OAERASA,15x?,(1, 4),{'S': 'N', 'T': 'S', 'A': 'E', 'E': 'A', ' ': 'D', 'O': 'H', 'R': 'R'}
38.36,SEARLOWEREASE,UHNOFIAHOHNUH,11x?,(2, 5),{'U': 'S', 'H': 'E', 'N': 'A', 'O': 'R', 'F': 'L', 'I': 'O', 'A': 'W'}
38.39,TERTHREETARTE,HEAHNAEEHCAHE,15x?,(2, 5),{'H': 'T', 'E': 'E', 'A': 'R', 'N': 'H', 'C': 'A'}
38.40,SEETRICETHESE,BIIEWOAIEFIBI,11x?,(2, 5),{'B': 'S', 'I': 'E', 'E': 'T', 'W': 'R', 'O': 'I', 'A': 'C', 'F': 'H'}
38.43,GANDWOMEDINGE, BERDIOARTE A,11x?,(1, 3),{' ': 'G', 'B': 'A', 'E': 'N', 'R': 'D', 'D': 'W', 'I': 'O', 'O': 'M', 'A': 'E', 'T': 'I'}
38.43,WINTHISITINWI,SEDAWETEAEDSE,11x?,(2, 5),{'S': 'W', 'E': 'I', 'D': 'N', 'A': 'T', 'W': 'H', 'T': 'S'}
38.44,AGEEINTHEREAH, NEEUDOTEIE T,11x?,(1, 2),{' ': 'A', 'N': 'G', 'E': 'E', 'U': 'I', 'D': 'N', 'O': 'T', 'T': 'H', 'I': 'R'}
38.46,RIESALLISHERI,RTSHN  THESRT,22x?,(2, 3),{'R': 'R', 'T': 'I', 'S': 'E', 'H': 'S', 'N': 'A', ' ': 'L', 'E': 'H'}
38.46,NIANDELINGANI,ESHEOUASECHES,11x?,(2, 5),{'E': 'N', 'S': 'I', 'H': 'A', 'O': 'D', 'U': 'E', 'A': 'L', 'C': 'G'}
38.50,CIENTTHINDECI,RTIE  GTENIRT,22x?,(2, 3),{'R': 'C', 'T': 'I', 'I': 'E', 'E': 'N', ' ': 'T', 'G': 'H', 'N': 'D'}
38.54,NTEREAMERGENE,AWHSHOEHSTHAH,17x?,(2, 3),{'A': 'N', 'W': 'T', 'H': 'E', 'S': 'R', 'O': 'A', 'E': 'M', 'T': 'G'}
38.61,HITESTOBERTHB,ASLMFLWIMDLAI,20x?,(1, 2),{'A': 'H', 'S': 'I', 'L': 'T', 'M': 'E', 'F': 'S', 'W': 'O', 'I': 'B', 'D': 'R'}
38.63,DMENTANANCEDA,OBATDLTLTEAOL,22x?,(1, 2),{'O': 'D', 'B': 'M', 'A': 'E', 'T': 'N', 'D': 'T', 'L': 'A', 'E': 'C'}
38.71,ERHOMEPROTHER,AIHDOASIDEHAI,11x?,(2, 5),{'A': 'E', 'I': 'R', 'H': 'H', 'D': 'O', 'O': 'M', 'S': 'P', 'E': 'T'}
38.75,ETHERTATECHET,NOLNHOAONTLNO,11x?,(2, 5),{'N': 'E', 'O': 'T', 'L': 'H', 'H': 'R', 'A': 'A', 'T': 'C'}
38.76,RDERSTFORMERO,EBTENOSIE TEI,20x?,(1, 2),{'E': 'R', 'B': 'D', 'T': 'E', 'N': 'S', 'O': 'T', 'S': 'F', 'I': 'O', ' ': 'M'}
38.77,HESONAMEONSHE,AWNFECUWFENAW,11x?,(2, 5),{'A': 'H', 'W': 'E', 'N': 'S', 'F': 'O', 'E': 'N', 'C': 'A', 'U': 'M'}
38.78,DANSHEDASANDA,NIATDUNITIANI,11x?,(2, 5),{'N': 'D', 'I': 'A', 'A': 'N', 'T': 'S', 'D': 'H', 'U': 'E'}
38.80,NDITHEEDTHIND,URFLOHHRLOFUR,11x?,(2, 5),{'U': 'N', 'R': 'D', 'F': 'I', 'L': 'T', 'O': 'H', 'H': 'E'}
38.80,TIONMANINGOTI,OAINTMNANUIOA,24x?,(1, 3),{'O': 'T', 'A': 'I', 'I': 'O', 'N': 'N', 'T': 'M', 'M': 'A', 'U': 'G'}
38.81,ONTESATTENTOT, HEIGAEEIHE E,22x?,(2, 5),{' ': 'O', 'H': 'N', 'E': 'T', 'I': 'E', 'G': 'S', 'A': 'A'}
38.84,ORHEANDRESHOR,GTSE IPTEDSGT,22x?,(2, 3),{'G': 'O', 'T': 'R', 'S': 'H', 'E': 'E', ' ': 'A', 'I': 'N', 'P': 'D', 'D': 'S'}
38.84,BLETERIOTHEBO,IEOAOMNTAHOIT,19x?,(1, 4),{'I': 'B', 'E': 'L', 'O': 'E', 'A': 'T', 'M': 'R', 'N': 'I', 'T': 'O', 'H': 'H'}
38.88,MENDOTHEDONME,GOWAEHMOAEWGO,11x?,(2, 5),{'G': 'M', 'O': 'E', 'W': 'N', 'A': 'D', 'E': 'O', 'H': 'T', 'M': 'H'}
38.90,OFTERMALEDTOL,IFRHAEOSHNRIS,21x?,(1, 2),{'I': 'O', 'F': 'F', 'R': 'T', 'H': 'E', 'A': 'R', 'E': 'M', 'O': 'A', 'S': 'L', 'N': 'D'}
38.91,REHEDTHEETHRE,LETEISTEESTLE,11x?,(2, 5),{'L': 'R', 'E': 'E', 'T': 'H', 'I': 'D', 'S': 'T'}
38.93,HETOSAVEOFTHE,ARITNGPRTLIAR,11x?,(2, 5),{'A': 'H', 'R': 'E', 'I': 'T', 'T': 'O', 'N': 'S', 'G': 'A', 'P': 'V', 'L': 'F'}
38.95,NMANTAKINGANI,INTIGTAWIRTIW,13x?,(1, 2),{'I': 'N', 'N': 'M', 'T': 'A', 'G': 'T', 'A': 'K', 'W': 'I', 'R': 'G'}
38.96,GANDARRADINGA,MAOIA  AIGOMA,22x?,(2, 3),{'M': 'G', 'A': 'A', 'O': 'N', 'I': 'D', ' ': 'R', 'G': 'I'}
38.97,ETHEWOULESHEL,OTEOFCSHOREOH,20x?,(1, 4),{'O': 'E', 'T': 'T', 'E': 'H', 'F': 'W', 'C': 'O', 'S': 'U', 'H': 'L', 'R': 'S'}
38.99,PGETHALLTHEPL,DU NLOEENL DE,15x?,(2, 3),{'D': 'P', 'U': 'G', ' ': 'E', 'N': 'T', 'L': 'H', 'O': 'A', 'E': 'L'}
39.09,THATTUNDTHATD,EOHEERASEOHES,20x?,(1, 3),{'E': 'T', 'O': 'H', 'H': 'A', 'R': 'U', 'A': 'N', 'S': 'D'}
39.11,PERATTHEAIRPE,TNFUEEHNUDFTN,11x?,(2, 5),{'T': 'P', 'N': 'E', 'F': 'R', 'U': 'A', 'E': 'T', 'H': 'H', 'D': 'I'}
39.13,THATTIMATEATA,ELOEESAOEWOEO,20x?,(1, 3),{'E': 'T', 'L': 'H', 'O': 'A', 'S': 'I', 'A': 'M', 'W': 'E'}
39.19,BOTHEADTHATBT,I HEMOAHEOHIH,19x?,(1, 3),{'I': 'B', ' ': 'O', 'H': 'T', 'E': 'H', 'M': 'E', 'O': 'A', 'A': 'D'}
39.20,SSEASONSATESS,NNOINSTNIEONN,11x?,(2, 5),{'N': 'S', 'O': 'E', 'I': 'A', 'S': 'O', 'T': 'N', 'E': 'T'}
39.22,ITTEDOFTENTIT,HSSIL NSIPSHS,11x?,(2, 5),{'H': 'I', 'S': 'T', 'I': 'E', 'L': 'D', ' ': 'O', 'N': 'F', 'P': 'N'}
39.23,RHEIRESSIVERS,EHRMERAAMIREA,20x?,(1, 4),{'E': 'R', 'H': 'H', 'R': 'E', 'M': 'I', 'A': 'S', 'I': 'V'}
39.24,VERTHORETERVE,RDNHMTNDHDNRD,11x?,(2, 5),{'R': 'V', 'D': 'E', 'N': 'R', 'H': 'T', 'M': 'H', 'T': 'O'}
39.24,RMARYTHERCARE,ERHEITGDE HED,20x?,(2, 5),{'E': 'R', 'R': 'M', 'H': 'A', 'I': 'Y', 'T': 'T', 'G': 'H', 'D': 'E', ' ': 'C'}
39.26,OMETEWANTHEON,IEOAOMNTAHOIT,20x?,(1, 4),{'I': 'O', 'E': 'M', 'O': 'E', 'A': 'T', 'M': 'W', 'N': 'A', 'T': 'N', 'H': 'H'}
39.27,OCTEDATTENTOT, MEOVAEEOCE E,11x?,(1, 3),{' ': 'O', 'M': 'C', 'E': 'T', 'O': 'E', 'V': 'D', 'A': 'A', 'C': 'N'}
39.28,OTHEHISTEPHOT,LDATAGCDTMALD,11x?,(2, 5),{'L': 'O', 'D': 'T', 'A': 'H', 'T': 'E', 'G': 'I', 'C': 'S', 'M': 'P'}
39.33,SRINALLANDISA,ESTINOONILTEN,15x?,(1, 2),{'E': 'S', 'S': 'R', 'T': 'I', 'I': 'N', 'N': 'A', 'O': 'L', 'L': 'D'}
39.34,EARTEDEATOREA,IDATI IDTFAID,11x?,(2, 5),{'I': 'E', 'D': 'A', 'A': 'R', 'T': 'T', ' ': 'D', 'F': 'O'}
39.35,NTSHEMETHESNT,BAUTEMEATEUBA,11x?,(2, 5),{'B': 'N', 'A': 'T', 'U': 'S', 'T': 'H', 'E': 'E', 'M': 'M'}
39.37,BANDTHANDONBN, AEHRMAEHOE E,11x?,(1, 2),{' ': 'B', 'A': 'A', 'E': 'N', 'H': 'D', 'R': 'T', 'M': 'H', 'O': 'O'}
39.38,OSTATEDMARTOM,HTN NFSA PNHA,11x?,(2, 3),{'H': 'O', 'T': 'S', 'N': 'T', ' ': 'A', 'F': 'E', 'S': 'D', 'A': 'M', 'P': 'R'}
39.39,VEINANCENSIVE,NSHOCOTSOMHNS,11x?,(2, 5),{'N': 'V', 'S': 'E', 'H': 'I', 'O': 'N', 'C': 'A', 'T': 'C', 'M': 'S'}
39.39,EFREEDTHEYREH,ETOEE BAELOEA,11x?,(1, 3),{'E': 'E', 'T': 'F', 'O': 'R', ' ': 'D', 'B': 'T', 'A': 'H', 'L': 'Y'}
39.41,DMENTSWANTEDA,LI COEHWCO LW,15x?,(2, 3),{'L': 'D', 'I': 'M', ' ': 'E', 'C': 'N', 'O': 'T', 'E': 'S', 'H': 'W', 'W': 'A'}
39.43,DMINTREENSIDE,PRHA IEEASHPE,21x?,(2, 3),{'P': 'D', 'R': 'M', 'H': 'I', 'A': 'N', ' ': 'T', 'I': 'R', 'E': 'E', 'S': 'S'}
39.44,BETRINTERSTBE,IATODHTAONTIA,11x?,(2, 5),{'I': 'B', 'A': 'E', 'T': 'T', 'O': 'R', 'D': 'I', 'H': 'N', 'N': 'S'}
39.46,NCETSTONTHENN,EFRNINCENHREE,24x?,(1, 4),{'E': 'N', 'F': 'C', 'R': 'E', 'N': 'T', 'I': 'S', 'C': 'O', 'H': 'H'}
39.47,WOSELYTHERSWH,OHTEPIS EWTO ,11x?,(2, 3),{'O': 'W', 'H': 'O', 'T': 'S', 'E': 'E', 'P': 'L', 'I': 'Y', 'S': 'T', ' ': 'H', 'W': 'R'}
39.48,DMEANDITALEDT,RSH IRDN WHRN,11x?,(2, 3),{'R': 'D', 'S': 'M', 'H': 'E', ' ': 'A', 'I': 'N', 'D': 'I', 'N': 'T', 'W': 'L'}
39.49,FROMONTIMEOFI, WRERSLHEGR H,11x?,(2, 5),{' ': 'F', 'W': 'R', 'R': 'O', 'E': 'M', 'S': 'N', 'L': 'T', 'H': 'I', 'G': 'E'}
39.49,OUTEREDRENTOR, DBNENHENTB E,11x?,(2, 5),{' ': 'O', 'D': 'U', 'B': 'T', 'N': 'E', 'E': 'R', 'H': 'D', 'T': 'N'}
39.50,INSEASEVERSIV,IHRNERNSNORIS,22x?,(1, 2),{'I': 'I', 'H': 'N', 'R': 'S', 'N': 'E', 'E': 'A', 'S': 'V', 'O': 'R'}
39.51,SLATIMESTOASS,ADHTSGKATIHAA,24x?,(2, 5),{'A': 'S', 'D': 'L', 'H': 'A', 'T': 'T', 'S': 'I', 'G': 'M', 'K': 'E', 'I': 'O'}
39.51,LASTARTATISLA,WEMOEAOEO MWE,22x?,(2, 3),{'W': 'L', 'E': 'A', 'M': 'S', 'O': 'T', 'A': 'R', ' ': 'I'}
39.54,NEORGAMERSONE,AIHEO TIEGHAI,22x?,(2, 3),{'A': 'N', 'I': 'E', 'H': 'O', 'E': 'R', 'O': 'G', ' ': 'A', 'T': 'M', 'G': 'S'}
39.55,SHADEMANDWASN, TENOHEANIE A,11x?,(1, 3),{' ': 'S', 'T': 'H', 'E': 'A', 'N': 'D', 'O': 'E', 'H': 'M', 'A': 'N', 'I': 'W'}
39.56,ETHATMETATHET,USNESKUSESNUS,11x?,(2, 5),{'U': 'E', 'S': 'T', 'N': 'H', 'E': 'A', 'K': 'M'}
39.56,EPENTHERNMEER,TNTR ITERFTTE,15x?,(1, 3),{'T': 'E', 'N': 'P', 'R': 'N', ' ': 'T', 'I': 'H', 'E': 'R', 'F': 'M'}
39.57,EDHASAMEATHEE,E ISOSAESBIEE,19x?,(1, 2),{'E': 'E', ' ': 'D', 'I': 'H', 'S': 'A', 'O': 'S', 'A': 'M', 'B': 'T'}
39.62,CKINGREENDICE,EDONTLHHNMOEH,20x?,(2, 5),{'E': 'C', 'D': 'K', 'O': 'I', 'N': 'N', 'T': 'G', 'L': 'R', 'H': 'E', 'M': 'D'}
39.64,OFTINTININTON,ESORAORARAOEA,19x?,(1, 4),{'E': 'O', 'S': 'F', 'O': 'T', 'R': 'I', 'A': 'N'}
39.64,YRESTHERSLEYR,GIAEH AIESAGI,22x?,(2, 3),{'G': 'Y', 'I': 'R', 'A': 'E', 'E': 'S', 'H': 'T', ' ': 'H', 'S': 'L'}
39.65,PEDANCREANDPE,H ISTAN STIH ,11x?,(2, 5),{'H': 'P', ' ': 'E', 'I': 'D', 'S': 'A', 'T': 'N', 'A': 'C', 'N': 'R'}
39.65,TUNTRALSTANTS,NUGNLTYENTGNE,19x?,(1, 2),{'N': 'T', 'U': 'U', 'G': 'N', 'L': 'R', 'T': 'A', 'Y': 'L', 'E': 'S'}
39.67,EPTIMEADINTED,OKIAEO TAGIOT,11x?,(2, 3),{'O': 'E', 'K': 'P', 'I': 'T', 'A': 'I', 'E': 'M', ' ': 'A', 'T': 'D', 'G': 'N'}
39.70,REASOPERSHARR,EOSN AOENISEE,11x?,(2, 3),{'E': 'R', 'O': 'E', 'S': 'A', 'N': 'S', ' ': 'O', 'A': 'P', 'I': 'H'}
39.70,HETROMMERSTHE,AHOMW  HMIOAH,22x?,(2, 3),{'A': 'H', 'H': 'E', 'O': 'T', 'M': 'R', 'W': 'O', ' ': 'M', 'I': 'S'}
39.73,NKESTTHESPENE,OHLB  ILBTLOL,21x?,(1, 2),{'O': 'N', 'H': 'K', 'L': 'E', 'B': 'S', ' ': 'T', 'I': 'H', 'T': 'P'}
39.74,ITTHEYOTHATIT,DEE FHRE OEDE,11x?,(2, 5),{'D': 'I', 'E': 'T', ' ': 'H', 'F': 'E', 'H': 'Y', 'R': 'O', 'O': 'A'}
39.74,NPINSOMENTINE,HRNHWYSOHDNHO,20x?,(1, 2),{'H': 'N', 'R': 'P', 'N': 'I', 'W': 'S', 'Y': 'O', 'S': 'M', 'O': 'E', 'D': 'T'}
39.77,ILDISONTINDIT,EL ETNIAEI EA,15x?,(2, 3),{'E': 'I', 'L': 'L', ' ': 'D', 'T': 'S', 'N': 'O', 'I': 'N', 'A': 'T'}
39.78,ENHEAVERESHER,EDKEOSELECKEL,19x?,(1, 4),{'E': 'E', 'D': 'N', 'K': 'H', 'O': 'A', 'S': 'V', 'L': 'R', 'C': 'S'}
39.79,THTHEYSTHETTT,EDEDTMHEDTEEE,24x?,(2, 5),{'E': 'T', 'D': 'H', 'T': 'E', 'M': 'Y', 'H': 'S'}
39.80,THTHEFATHETTT,EDEDTMHEDTEEE,24x?,(2, 5),{'E': 'T', 'D': 'H', 'T': 'E', 'M': 'F', 'H': 'A'}
39.81,ORIESWEREVIOR,TSHALYASAFHTS,11x?,(2, 5),{'T': 'O', 'S': 'R', 'H': 'I', 'A': 'E', 'L': 'S', 'Y': 'W', 'F': 'V'}
39.85,TSITTHESTWITS,ENTEERYNEGTEN,11x?,(2, 5),{'E': 'T', 'N': 'S', 'T': 'I', 'R': 'H', 'Y': 'E', 'G': 'W'}
39.85,RREDONEEDHERE,TTERN EERHETE,11x?,(1, 4),{'T': 'R', 'E': 'E', 'R': 'D', 'N': 'O', ' ': 'N', 'H': 'H'}
39.85,EENEESTHEONEH,EEHEEADWE HEW,11x?,(2, 3),{'E': 'E', 'H': 'N', 'A': 'S', 'D': 'T', 'W': 'H', ' ': 'O'}
39.90,EAREFUNDERRED,RN RHASYR  RY,15x?,(2, 3),{'R': 'E', 'N': 'A', ' ': 'R', 'H': 'F', 'A': 'U', 'S': 'N', 'Y': 'D'}
39.90,IKETOPLETHEIE,INTED OTEATIT,19x?,(2, 5),{'I': 'I', 'N': 'K', 'T': 'E', 'E': 'T', 'D': 'O', ' ': 'P', 'O': 'L', 'A': 'H'}
39.90,CLINTHRANDICA, HSTAUDETRS E,22x?,(2, 5),{' ': 'C', 'H': 'L', 'S': 'I', 'T': 'N', 'A': 'T', 'U': 'H', 'D': 'R', 'E': 'A', 'R': 'D'}
39.92,ACTTOTENTSTAN,T IIHIOEIUITE,11x?,(1, 3),{'T': 'A', ' ': 'C', 'I': 'T', 'H': 'O', 'O': 'E', 'E': 'N', 'U': 'S'}
39.92,EBROTEDTOPRET,ET NAEHANR EA,17x?,(2, 5),{'E': 'E', 'T': 'B', ' ': 'R', 'N': 'O', 'A': 'T', 'H': 'D', 'R': 'P'}
39.95,EWSANDECAUSEC, OENAR TNLE T,11x?,(2, 5),{' ': 'E', 'O': 'W', 'E': 'S', 'N': 'A', 'A': 'N', 'R': 'D', 'T': 'C', 'L': 'U'}
39.96,RBEINGASIVERS,SFHRAPGIRNHSI,21x?,(2, 3),{'S': 'R', 'F': 'B', 'H': 'E', 'R': 'I', 'A': 'N', 'P': 'G', 'G': 'A', 'I': 'S', 'N': 'V'}
39.98,EERSITIESOREE,EEWNOTOEN WEE,22x?,(2, 3),{'E': 'E', 'W': 'R', 'N': 'S', 'O': 'I', 'T': 'T', ' ': 'O'}
39.99,PECTOTHETICPE,EASIWIDAIRSEA,11x?,(2, 5),{'E': 'P', 'A': 'E', 'S': 'C', 'I': 'T', 'W': 'O', 'D': 'H', 'R': 'I'}
39.99,ETTHERERHITER,EAAHESESHDAES,24x?,(1, 4),{'E': 'E', 'A': 'T', 'H': 'H', 'S': 'R', 'D': 'I'}
39.99,SSETOLDSTHESS,NNIED RNEOINN,11x?,(2, 3),{'N': 'S', 'I': 'E', 'E': 'T', 'D': 'O', ' ': 'L', 'R': 'D', 'O': 'H'}
40.00,NCETHEBUTMENU,PEHGTHJNGAHPN,21x?,(1, 2),{'P': 'N', 'E': 'C', 'H': 'E', 'G': 'T', 'T': 'H', 'J': 'B', 'N': 'U', 'A': 'M'}
40.02,RPOSEDERSTORR,DASHEOEDHRSDD,19x?,(1, 4),{'D': 'R', 'A': 'P', 'S': 'O', 'H': 'S', 'E': 'E', 'O': 'D', 'R': 'T'}
40.02,IPESTIONSEEIN,YPNSMYIASNNYA,20x?,(1, 3),{'Y': 'I', 'P': 'P', 'N': 'E', 'S': 'S', 'M': 'T', 'I': 'O', 'A': 'N'}
40.03,YPLANWASALLYS,SDTEUOENETTSN,22x?,(1, 3),{'S': 'Y', 'D': 'P', 'T': 'L', 'E': 'A', 'U': 'N', 'O': 'W', 'N': 'S'}
40.05,ERRELEAREPRER,EAAEDELAESAEA,11x?,(2, 3),{'E': 'E', 'A': 'R', 'D': 'L', 'L': 'A', 'S': 'P'}
40.05,CTTHELITHATCT,UEEOITAEODEUE,11x?,(2, 5),{'U': 'C', 'E': 'T', 'O': 'H', 'I': 'E', 'T': 'L', 'A': 'I', 'D': 'A'}
40.06,TORTEDWITARTI,HRNHWYSOHDNHO,19x?,(1, 2),{'H': 'T', 'R': 'O', 'N': 'R', 'W': 'E', 'Y': 'D', 'S': 'W', 'O': 'I', 'D': 'A'}
40.06,AVERANDARTEAA,ENRDEOTEDFREE,22x?,(1, 2),{'E': 'A', 'N': 'V', 'R': 'E', 'D': 'R', 'O': 'N', 'T': 'D', 'F': 'T'}
40.07,YINTHEMITINYI,INRATEHNANRIN,11x?,(2, 5),{'I': 'Y', 'N': 'I', 'R': 'N', 'A': 'T', 'T': 'H', 'E': 'E', 'H': 'M'}
40.10,NTERNEXTREENT,HEO HOLE OOHE,11x?,(2, 3),{'H': 'N', 'E': 'T', 'O': 'E', ' ': 'R', 'L': 'X'}
40.12,LYINTEDINVILI, OSRNEYSRHS S,11x?,(1, 3),{' ': 'L', 'O': 'Y', 'S': 'I', 'R': 'N', 'N': 'T', 'E': 'E', 'Y': 'D', 'H': 'V'}
40.13,CENTOPEATINCA,LESORIETODSLT,19x?,(1, 2),{'L': 'C', 'E': 'E', 'S': 'N', 'O': 'T', 'R': 'O', 'I': 'P', 'T': 'A', 'D': 'I'}
40.13,LCARRIVERNALE,ASOEEIYCEGOAC,17x?,(1, 3),{'A': 'L', 'S': 'C', 'O': 'A', 'E': 'R', 'I': 'I', 'Y': 'V', 'C': 'E', 'G': 'N'}
40.14,OUTOMINDONTOD,TRHTEPSATSHTA,11x?,(2, 3),{'T': 'O', 'R': 'U', 'H': 'T', 'E': 'M', 'P': 'I', 'S': 'N', 'A': 'D'}
40.15,ETHATDETATHET,USNESKUSESNUS,11x?,(2, 5),{'U': 'E', 'S': 'T', 'N': 'H', 'E': 'A', 'K': 'D'}
40.15,HUTTHECUTITHU,HANNHBOANTNHA,11x?,(2, 5),{'H': 'H', 'A': 'U', 'N': 'T', 'B': 'E', 'O': 'C', 'T': 'I'}
40.16,GGARENTERTAGE,  OEATNAENO A,21x?,(2, 3),{' ': 'G', 'O': 'A', 'E': 'R', 'A': 'E', 'T': 'N', 'N': 'T'}
40.17,TOTHEGERHATTR,EOEULALIUTEEI,19x?,(1, 2),{'E': 'T', 'O': 'O', 'U': 'H', 'L': 'E', 'A': 'G', 'I': 'R', 'T': 'A'}
40.17,PERCHASECORPE,NHE FIUH MENH,11x?,(2, 5),{'N': 'P', 'H': 'E', 'E': 'R', ' ': 'C', 'F': 'H', 'I': 'A', 'U': 'S', 'M': 'O'}
40.18,DGESCOMESHEDE,AWRTOMERTURAR,22x?,(1, 4),{'A': 'D', 'W': 'G', 'R': 'E', 'T': 'S', 'O': 'C', 'M': 'O', 'E': 'M', 'U': 'H'}
40.19,AKESONALSHEAL,SMOP ASCPDOSC,11x?,(1, 3),{'S': 'A', 'M': 'K', 'O': 'E', 'P': 'S', ' ': 'O', 'A': 'N', 'C': 'L', 'D': 'H'}
40.20,PYEARESTAKEPT,ARTNOTCINETAI,20x?,(1, 2),{'A': 'P', 'R': 'Y', 'T': 'E', 'N': 'A', 'O': 'R', 'C': 'S', 'I': 'T', 'E': 'K'}
40.21,SBEANDECAMESC, HEITDEPISE P,21x?,(2, 3),{' ': 'S', 'H': 'B', 'E': 'E', 'I': 'A', 'T': 'N', 'D': 'D', 'P': 'C', 'S': 'M'}
40.21,GYANDSMENTAGE,LWCATS EARCLE,19x?,(2, 5),{'L': 'G', 'W': 'Y', 'C': 'A', 'A': 'N', 'T': 'D', 'S': 'S', ' ': 'M', 'E': 'E', 'R': 'T'}
40.21,SSSETHESEESSS,TTTHSAHTHHTTT,20x?,(2, 3),{'T': 'S', 'H': 'E', 'S': 'T', 'A': 'H'}
40.21,CENDOUTEDANCE,EDNTSRVDTANED,11x?,(2, 5),{'E': 'C', 'D': 'E', 'N': 'N', 'T': 'D', 'S': 'O', 'R': 'U', 'V': 'T', 'A': 'A'}
40.22,SSSEDITHERSSH,   AEWOLAM  L,19x?,(2, 5),{' ': 'S', 'A': 'E', 'E': 'D', 'W': 'I', 'O': 'T', 'L': 'H', 'M': 'R'}
40.22,LEASTOCESSALE,NEIASOTEAAINE,11x?,(2, 5),{'N': 'L', 'E': 'E', 'I': 'A', 'A': 'S', 'S': 'T', 'O': 'O', 'T': 'C'}
40.22,GENDOUTEDANGE,PFA SLCF IAPF,11x?,(2, 5),{'P': 'G', 'F': 'E', 'A': 'N', ' ': 'D', 'S': 'O', 'L': 'U', 'C': 'T', 'I': 'A'}
40.23,LEARSALERSALE,SFEADESFADESF,22x?,(1, 2),{'S': 'L', 'F': 'E', 'E': 'A', 'A': 'R', 'D': 'S'}
40.23,MEANDSPENCAME,OIELS CILNEOI,22x?,(2, 3),{'O': 'M', 'I': 'E', 'E': 'A', 'L': 'N', 'S': 'D', ' ': 'S', 'C': 'P', 'N': 'C'}
40.25,REASOPRESHARE, NOEBT NEHO N,11x?,(2, 5),{' ': 'R', 'N': 'E', 'O': 'A', 'E': 'S', 'B': 'O', 'T': 'P', 'H': 'H'}
40.26,SFARMANAREASA,SRE DEAE IESE,11x?,(2, 5),{'S': 'S', 'R': 'F', 'E': 'A', ' ': 'R', 'D': 'M', 'A': 'N', 'I': 'E'}
40.26,SUESTICESRESE,HAOH WROHCOHO,19x?,(1, 3),{'H': 'S', 'A': 'U', 'O': 'E', ' ': 'T', 'W': 'I', 'R': 'C', 'C': 'R'}
40.26,OGRESSAMEFROM,ST AHHOLAY SL,17x?,(2, 5),{'S': 'O', 'T': 'G', ' ': 'R', 'A': 'E', 'H': 'S', 'O': 'A', 'L': 'M', 'Y': 'F'}
40.27,WKINGREANDIWA,GMSDEATCDLSGC,19x?,(2, 3),{'G': 'W', 'M': 'K', 'S': 'I', 'D': 'N', 'E': 'G', 'A': 'R', 'T': 'E', 'C': 'A', 'L': 'D'}
40.27,LMENTICANBELA, AIETSLYEOI Y,21x?,(2, 3),{' ': 'L', 'A': 'M', 'I': 'E', 'E': 'N', 'T': 'T', 'S': 'I', 'L': 'C', 'Y': 'A', 'O': 'B'}
40.28,IKETOHEDTHEID, BETISEATSE A,21x?,(2, 3),{' ': 'I', 'B': 'K', 'E': 'E', 'T': 'T', 'I': 'O', 'S': 'H', 'A': 'D'}
40.28,DGENCOMINDEDI,ERALOD ILEAEI,20x?,(1, 2),{'E': 'D', 'R': 'G', 'A': 'E', 'L': 'N', 'O': 'C', 'D': 'O', ' ': 'M', 'I': 'I'}
40.28,TDATODISTHATS,HS HASGIHY HI,15x?,(2, 3),{'H': 'T', 'S': 'D', ' ': 'A', 'A': 'O', 'G': 'I', 'I': 'S', 'Y': 'H'}
40.29,DINEWHELEANDL, REIASITIOE T,11x?,(1, 4),{' ': 'D', 'R': 'I', 'E': 'N', 'I': 'E', 'A': 'W', 'S': 'H', 'T': 'L', 'O': 'A'}
40.29,DVERINHEREEDE,ORTESH TETTOT,20x?,(2, 5),{'O': 'D', 'R': 'V', 'T': 'E', 'E': 'R', 'S': 'I', 'H': 'N', ' ': 'H'}
40.31,NEARATHERFANE,TLEWEN LWHETL,22x?,(2, 3),{'T': 'N', 'L': 'E', 'E': 'A', 'W': 'R', 'N': 'T', ' ': 'H', 'H': 'F'}
40.32,ASESTHISSPEAS, EIEUNOEEDI E,11x?,(1, 2),{' ': 'A', 'E': 'S', 'I': 'E', 'U': 'T', 'N': 'H', 'O': 'I', 'D': 'P'}
40.34,ANTHOULDHATAD,TNEUA RSUTETS,19x?,(2, 5),{'T': 'A', 'N': 'N', 'E': 'T', 'U': 'H', 'A': 'O', ' ': 'U', 'R': 'L', 'S': 'D'}
40.35,TUTECHTHESTTH,EDEA TETAOEET,17x?,(1, 3),{'E': 'T', 'D': 'U', 'A': 'E', ' ': 'C', 'T': 'H', 'O': 'S'}
40.35,ONFEWHEREDFOR,ASEDHUDBDCEAB,20x?,(1, 3),{'A': 'O', 'S': 'N', 'E': 'F', 'D': 'E', 'H': 'W', 'U': 'H', 'B': 'R', 'C': 'D'}
40.37,EPTIAANDINTED, NOETTRAERO A,11x?,(2, 3),{' ': 'E', 'N': 'P', 'O': 'T', 'E': 'I', 'T': 'A', 'R': 'N', 'A': 'D'}
40.37,NEINTTHENHINE,EOAE  TOETAEO,22x?,(2, 3),{'E': 'N', 'O': 'E', 'A': 'I', ' ': 'T', 'T': 'H'}
40.38,DOESCHERSHEDR, BETISEATSE A,21x?,(2, 3),{' ': 'D', 'B': 'O', 'E': 'E', 'T': 'S', 'I': 'C', 'S': 'H', 'A': 'R'}
40.38,CENTEDLETONCE,ATEHT ITHBEAT,22x?,(2, 3),{'A': 'C', 'T': 'E', 'E': 'N', 'H': 'T', ' ': 'D', 'I': 'L', 'B': 'O'}
40.38,MSOFANDSFROMS,CTHRVA TRNHCT,22x?,(2, 3),{'C': 'M', 'T': 'S', 'H': 'O', 'R': 'F', 'V': 'A', 'A': 'N', ' ': 'D', 'N': 'R'}
40.39,SYEARYTHAVESH,AHINPHSENRIAE,19x?,(2, 3),{'A': 'S', 'H': 'Y', 'I': 'E', 'N': 'A', 'P': 'R', 'S': 'T', 'E': 'H', 'R': 'V'}
40.39,STREMINTEERST,UCSNTEACNNSUC,11x?,(2, 5),{'U': 'S', 'C': 'T', 'S': 'R', 'N': 'E', 'T': 'M', 'E': 'I', 'A': 'N'}
40.40,OUTEADEMENTOM,AUTEORE EWTA ,11x?,(2, 3),{'A': 'O', 'U': 'U', 'T': 'T', 'E': 'E', 'O': 'A', 'R': 'D', ' ': 'M', 'W': 'N'}
40.43,SNEATSANAMESN,W AITWI IOAW ,11x?,(2, 5),{'W': 'S', ' ': 'N', 'A': 'E', 'I': 'A', 'T': 'T', 'O': 'M'}
40.43,LLENTURANCELA,  OLYHNALBO A,21x?,(2, 3),{' ': 'L', 'O': 'E', 'L': 'N', 'Y': 'T', 'H': 'U', 'N': 'R', 'A': 'A', 'B': 'C'}
40.44,MPANTATENDAME, HNSANAESIN E,22x?,(2, 5),{' ': 'M', 'H': 'P', 'N': 'A', 'S': 'N', 'A': 'T', 'E': 'E', 'I': 'D'}
40.45,ONTERSPLEDTOL,OETWJH SWDTOS,15x?,(2, 5),{'O': 'O', 'E': 'N', 'T': 'T', 'W': 'E', 'J': 'R', 'H': 'S', ' ': 'P', 'S': 'L', 'D': 'D'}
40.47,ESSEPLACESSEC,HFFH CSAHFFHA,13x?,(1, 2),{'H': 'E', 'F': 'S', ' ': 'P', 'C': 'L', 'S': 'A', 'A': 'C'}
40.48,ISTHEWASHUTIS,EDNTSRVDTANED,11x?,(2, 5),{'E': 'I', 'D': 'S', 'N': 'T', 'T': 'H', 'S': 'E', 'R': 'W', 'V': 'A', 'A': 'U'}
40.49,HETOWAKEOFTHE,AIHEO TIEGHAI,22x?,(2, 3),{'A': 'H', 'I': 'E', 'H': 'T', 'E': 'O', 'O': 'W', ' ': 'A', 'T': 'K', 'G': 'F'}
40.50,ESSECORCESSEC,E  EOSIOE  EO,17x?,(2, 3),{'E': 'E', ' ': 'S', 'O': 'C', 'S': 'O', 'I': 'R'}
40.50,YTONGTHENTOYE, EDIAENHIED H,11x?,(1, 2),{' ': 'Y', 'E': 'T', 'D': 'O', 'I': 'N', 'A': 'G', 'N': 'H', 'H': 'E'}
40.51,DNEARRENAMEDN,OREWIIERWLEOR,11x?,(2, 5),{'O': 'D', 'R': 'N', 'E': 'E', 'W': 'A', 'I': 'R', 'L': 'M'}
40.51,VEINALSENSIVE,PNTO LRNORTPN,22x?,(2, 3),{'P': 'V', 'N': 'E', 'T': 'I', 'O': 'N', ' ': 'A', 'L': 'L', 'R': 'S'}
40.52,LKINGOFANTILA,RHCTPBIETFCRE,20x?,(1, 2),{'R': 'L', 'H': 'K', 'C': 'I', 'T': 'N', 'P': 'G', 'B': 'O', 'I': 'F', 'E': 'A', 'F': 'T'}
40.52,ECHEERITETHET,EITEELMNENTEN,20x?,(1, 2),{'E': 'E', 'I': 'C', 'T': 'H', 'L': 'R', 'M': 'I', 'N': 'T'}
40.53,SUETEDSETHESE,TPHEHDTHEFHTH,19x?,(1, 4),{'T': 'S', 'P': 'U', 'H': 'E', 'E': 'T', 'D': 'D', 'F': 'H'}
40.53,ISHEHASSECHIS,LSHIHGSSIDHLS,11x?,(2, 5),{'L': 'I', 'S': 'S', 'H': 'H', 'I': 'E', 'G': 'A', 'D': 'C'}
40.55,ORTENTAREETOR,CDOIROTDIIOCD,11x?,(2, 5),{'C': 'O', 'D': 'R', 'O': 'T', 'I': 'E', 'R': 'N', 'T': 'A'}
40.57,FEONAMEINGOFI,EATH DAOHYTEO,11x?,(1, 3),{'E': 'F', 'A': 'E', 'T': 'O', 'H': 'N', ' ': 'A', 'D': 'M', 'O': 'I', 'Y': 'G'}
40.58,VEDASANEANDVE, AIEWEHAEHI A,11x?,(2, 3),{' ': 'V', 'A': 'E', 'I': 'D', 'E': 'A', 'W': 'S', 'H': 'N'}
40.58,VEINMATINGIVI,SWENDA ENMESE,15x?,(2, 3),{'S': 'V', 'W': 'E', 'E': 'I', 'N': 'N', 'D': 'M', 'A': 'A', ' ': 'T', 'M': 'G'}
40.60,ANTITLINISTAN,OTMEM ETEIMOT,15x?,(2, 5),{'O': 'A', 'T': 'N', 'M': 'T', 'E': 'I', ' ': 'L', 'I': 'S'}
40.60,TGETOPUTTHETT,EROEFCTEEUOEE,15x?,(1, 2),{'E': 'T', 'R': 'G', 'O': 'E', 'F': 'O', 'C': 'P', 'T': 'U', 'U': 'H'}
40.62,GINESSOMEONGM, NOETTRAERO A,11x?,(2, 3),{' ': 'G', 'N': 'I', 'O': 'N', 'E': 'E', 'T': 'S', 'R': 'O', 'A': 'M'}
40.63,RMEANCEMATERM, NABETANBHA N,11x?,(2, 5),{' ': 'R', 'N': 'M', 'A': 'E', 'B': 'A', 'E': 'N', 'T': 'C', 'H': 'T'}
40.65,ASTOLESSOUTAS,IANCSEAACDNIA,11x?,(2, 5),{'I': 'A', 'A': 'S', 'N': 'T', 'C': 'O', 'S': 'L', 'E': 'E', 'D': 'U'}
40.65,DWASERVESTADE, BETHFOHTDE H,11x?,(1, 3),{' ': 'D', 'B': 'W', 'E': 'A', 'T': 'S', 'H': 'E', 'F': 'R', 'O': 'V', 'D': 'T'}
40.65,SSENTPLANGESA,OO PNRATPS OT,15x?,(2, 5),{'O': 'S', ' ': 'E', 'P': 'N', 'N': 'T', 'R': 'P', 'A': 'L', 'T': 'A', 'S': 'G'}
40.66,IRSTOPARTISIR,ORATN FRTOAOR,22x?,(2, 3),{'O': 'I', 'R': 'R', 'A': 'S', 'T': 'T', 'N': 'O', ' ': 'P', 'F': 'A'}
40.67,BAATTHESTEABS,EOOTTRADTAOED,13x?,(1, 4),{'E': 'B', 'O': 'A', 'T': 'T', 'R': 'H', 'A': 'E', 'D': 'S'}
40.67,ASTOURSCONTAC,LAR MSAI NRLI,11x?,(2, 5),{'L': 'A', 'A': 'S', 'R': 'T', ' ': 'O', 'M': 'U', 'S': 'R', 'I': 'C', 'N': 'N'}
40.68,RIONOFTINFORI,YHSTSONHTOSYH,11x?,(2, 5),{'Y': 'R', 'H': 'I', 'S': 'O', 'T': 'N', 'O': 'F', 'N': 'T'}
40.68,AASEWHEREASAR,AAFE NETEAFAT,13x?,(1, 3),{'A': 'A', 'F': 'S', 'E': 'E', ' ': 'W', 'N': 'H', 'T': 'R'}
40.69,STERSUNTREEST,RAHERTMAEHHRA,11x?,(1, 3),{'R': 'S', 'A': 'T', 'H': 'E', 'E': 'R', 'T': 'U', 'M': 'N'}
40.70,OTHEGISTECHOT, TLNOIHTNML T,11x?,(2, 5),{' ': 'O', 'T': 'T', 'L': 'H', 'N': 'E', 'O': 'G', 'I': 'I', 'H': 'S', 'M': 'C'}
40.70,ETEANDYEAREEE,EREAOHNEADEEE,20x?,(1, 2),{'E': 'E', 'R': 'T', 'A': 'A', 'O': 'N', 'H': 'D', 'N': 'Y', 'D': 'R'}
40.71,NANDGENEDONNE,EDEA TETAOEET,17x?,(1, 3),{'E': 'N', 'D': 'A', 'A': 'D', ' ': 'G', 'T': 'E', 'O': 'O'}
40.72,CHARAFTERMACE,IYEOEDAUONEIU,24x?,(1, 3),{'I': 'C', 'Y': 'H', 'E': 'A', 'O': 'R', 'D': 'F', 'A': 'T', 'U': 'E', 'N': 'M'}
40.72,ETHECALLEAHEL,TDHTARNNTRHTN,24x?,(1, 2),{'T': 'E', 'D': 'T', 'H': 'H', 'A': 'C', 'R': 'A', 'N': 'L'}
40.75,AMHOTHATOTHAT,OAECNEONCNEON,19x?,(2, 3),{'O': 'A', 'A': 'M', 'E': 'H', 'C': 'O', 'N': 'T'}
40.75,EFHEENTHESHEH,ELOEESAOEWOEO,24x?,(1, 3),{'E': 'E', 'L': 'F', 'O': 'H', 'S': 'N', 'A': 'T', 'W': 'S'}
40.75,NINTERRITENNI,ATANE  TNEAAT,22x?,(2, 3),{'A': 'N', 'T': 'I', 'N': 'T', 'E': 'E', ' ': 'R'}
40.75,OUNDINALDENOL,RSOTDOLATEORA,15x?,(1, 2),{'R': 'O', 'S': 'U', 'O': 'N', 'T': 'D', 'D': 'I', 'L': 'A', 'A': 'L', 'E': 'E'}
40.76,DEDAPPORANDDR,ADAH  OIHSAAI,17x?,(2, 3),{'A': 'D', 'D': 'E', 'H': 'A', ' ': 'P', 'O': 'O', 'I': 'R', 'S': 'N'}
40.76,SGREANDSEERSS,TH RSUITRR TT,15x?,(2, 3),{'T': 'S', 'H': 'G', ' ': 'R', 'R': 'E', 'S': 'A', 'U': 'N', 'I': 'D'}
40.77,AUSINALTIESAT, SARE OPRYA P,11x?,(2, 5),{' ': 'A', 'S': 'U', 'A': 'S', 'R': 'I', 'E': 'N', 'O': 'L', 'P': 'T', 'Y': 'E'}
40.77,EANTOUCATINEA,GHSWOINHWASGH,11x?,(2, 5),{'G': 'E', 'H': 'A', 'S': 'N', 'W': 'T', 'O': 'O', 'I': 'U', 'N': 'C', 'A': 'I'}
40.78,BESTARRATISBA,ESTINOONILTEN,15x?,(1, 2),{'E': 'B', 'S': 'E', 'T': 'S', 'I': 'T', 'N': 'A', 'O': 'R', 'L': 'I'}
40.79,REANDIVENPARE,CE NBSLENR CE,15x?,(2, 3),{'C': 'R', 'E': 'E', ' ': 'A', 'N': 'N', 'B': 'D', 'S': 'I', 'L': 'V', 'R': 'P'}
40.79,RROSSARESFORE,IIESSNIGSCEIG,24x?,(1, 2),{'I': 'R', 'E': 'O', 'S': 'S', 'N': 'A', 'G': 'E', 'C': 'F'}
40.81,INEDCOUNDHEIN,BNEI DGNITEBN,11x?,(2, 5),{'B': 'I', 'N': 'N', 'E': 'E', 'I': 'D', ' ': 'C', 'D': 'O', 'G': 'U', 'T': 'H'}
40.81,LANDFRIEDINLE,EIY STOL OYEL,11x?,(2, 3),{'E': 'L', 'I': 'A', 'Y': 'N', ' ': 'D', 'S': 'F', 'T': 'R', 'O': 'I', 'L': 'E'}
40.82,CESSFORESASCE,KTOON HTOFOKT,11x?,(2, 5),{'K': 'C', 'T': 'E', 'O': 'S', 'N': 'F', ' ': 'O', 'H': 'R', 'F': 'A'}
40.82,OVEATESNAMEON,LRHAEHGTADHLT,21x?,(1, 2),{'L': 'O', 'R': 'V', 'H': 'E', 'A': 'A', 'E': 'T', 'G': 'S', 'T': 'N', 'D': 'M'}
40.83,MEONELIENCOME,BNETNCINTAEBN,11x?,(2, 5),{'B': 'M', 'N': 'E', 'E': 'O', 'T': 'N', 'C': 'L', 'I': 'I', 'A': 'C'}
40.83,TYEEOFTHEMETH,OGEELIOTEPEOT,13x?,(1, 4),{'O': 'T', 'G': 'Y', 'E': 'E', 'L': 'O', 'I': 'F', 'T': 'H', 'P': 'M'}
40.83,HATOTEMEOFTHE,HPSESTLTEASHT,21x?,(1, 4),{'H': 'H', 'P': 'A', 'S': 'T', 'E': 'O', 'T': 'E', 'L': 'M', 'A': 'F'}
40.84,GKNESTEREINGR,NFRHEOHTHURNT,24x?,(1, 2),{'N': 'G', 'F': 'K', 'R': 'N', 'H': 'E', 'E': 'S', 'O': 'T', 'T': 'R', 'U': 'I'}
40.85,SSSTANDSTESSS,TTTEI DTENTTT,20x?,(2, 3),{'T': 'S', 'E': 'T', 'I': 'A', ' ': 'N', 'D': 'D', 'N': 'E'}
40.85,AGEASTESAMEAS,TEPTLFPLTAPTL,24x?,(1, 3),{'T': 'A', 'E': 'G', 'P': 'E', 'L': 'S', 'F': 'T', 'A': 'M'}
40.86,TUSELDTHEISTH,EHOTINESTYOES,19x?,(1, 4),{'E': 'T', 'H': 'U', 'O': 'S', 'T': 'E', 'I': 'L', 'N': 'D', 'S': 'H', 'Y': 'I'}
40.88,LKINAFTENTILE,HDTRISOEROTHE,17x?,(2, 5),{'H': 'L', 'D': 'K', 'T': 'I', 'R': 'N', 'I': 'A', 'S': 'F', 'O': 'T', 'E': 'E'}
40.88,BINDALLEDINBE, SLARBBEASL E,11x?,(1, 4),{' ': 'B', 'S': 'I', 'L': 'N', 'A': 'D', 'R': 'A', 'B': 'L', 'E': 'E'}
40.88,BBOTHEMITTOBI,  SOEDRAOOS A,20x?,(2, 5),{' ': 'B', 'S': 'O', 'O': 'T', 'E': 'H', 'D': 'E', 'R': 'M', 'A': 'I'}
40.88,RBEREDFORGERO,I DIDHELISDIL,17x?,(1, 4),{'I': 'R', ' ': 'B', 'D': 'E', 'H': 'D', 'E': 'F', 'L': 'O', 'S': 'G'}
40.88,GREADEDIATEGI, ATHOTONHLT N,21x?,(2, 5),{' ': 'G', 'A': 'R', 'T': 'E', 'H': 'A', 'O': 'D', 'N': 'I', 'L': 'T'}
40.89,WWEENDWHEREWH,DDEEHMDNEREDN,20x?,(2, 5),{'D': 'W', 'E': 'E', 'H': 'N', 'M': 'D', 'N': 'H', 'R': 'R'}
40.89,OTTISTORITTOR,NEE SENO EENO,11x?,(2, 3),{'N': 'O', 'E': 'T', ' ': 'I', 'S': 'S', 'O': 'R'}
40.89,ORGINSPRINGOR,EOANTSIONTAEO,19x?,(1, 3),{'E': 'O', 'O': 'R', 'A': 'G', 'N': 'I', 'T': 'N', 'S': 'S', 'I': 'P'}
40.91,SATISTOPINTSP,HRSEHSFIETSHI,22x?,(1, 2),{'H': 'S', 'R': 'A', 'S': 'T', 'E': 'I', 'F': 'O', 'I': 'P', 'T': 'N'}
40.92,MGETIMISTHEMS, MSTH HETRS E,11x?,(2, 3),{' ': 'M', 'M': 'G', 'S': 'E', 'T': 'T', 'H': 'I', 'E': 'S', 'R': 'H'}
40.92,EFTHEATWHITEW,EOTWEITFWHTEF,21x?,(2, 3),{'E': 'E', 'O': 'F', 'T': 'T', 'W': 'H', 'I': 'A', 'F': 'W', 'H': 'I'}
40.94,RBEININTINERT, PRTITIETIR E,11x?,(1, 4),{' ': 'R', 'P': 'B', 'R': 'E', 'T': 'I', 'I': 'N', 'E': 'T'}
40.94,ATWEVERTEDWAT,WDATSTODTEAWD,11x?,(2, 5),{'W': 'A', 'D': 'T', 'A': 'W', 'T': 'E', 'S': 'V', 'O': 'R', 'E': 'D'}
40.95,ILHEWHERESHIR,IHRNERNSNORIS,19x?,(1, 2),{'I': 'I', 'H': 'L', 'R': 'H', 'N': 'E', 'E': 'W', 'S': 'R', 'O': 'S'}
40.95,AVEENGTHEBEAH, OSSAEHTSLS T,22x?,(2, 5),{' ': 'A', 'O': 'V', 'S': 'E', 'A': 'N', 'E': 'G', 'H': 'T', 'T': 'H', 'L': 'B'}
40.96,FRISTERESLIFE,AHLOTEHEOILAE,20x?,(1, 2),{'A': 'F', 'H': 'R', 'L': 'I', 'O': 'S', 'T': 'T', 'E': 'E', 'I': 'L'}
40.96,EPRECOUREERER,OITOFCATOOTOT,24x?,(1, 2),{'O': 'E', 'I': 'P', 'T': 'R', 'F': 'C', 'C': 'O', 'A': 'U'}
40.96,NTEENTITEVENT,LTFFLTATFNFLT,13x?,(1, 4),{'L': 'N', 'T': 'T', 'F': 'E', 'A': 'I', 'N': 'V'}
40.98,RPOSTALOSTORO,SFEHDANEHDESE,20x?,(1, 2),{'S': 'R', 'F': 'P', 'E': 'O', 'H': 'S', 'D': 'T', 'A': 'A', 'N': 'L'}
40.99,PENESTOREONPR,IOHOWLEAOEHIA,24x?,(1, 3),{'I': 'P', 'O': 'E', 'H': 'N', 'W': 'S', 'L': 'T', 'E': 'O', 'A': 'R'}
40.99,BTOSTCHESTOBE,ADHRD OSRDHAS,20x?,(1, 2),{'A': 'B', 'D': 'T', 'H': 'O', 'R': 'S', ' ': 'C', 'O': 'H', 'S': 'E'}
40.99,ANCESEXPERCAP,NASECELPEOSNP,19x?,(1, 2),{'N': 'A', 'A': 'N', 'S': 'C', 'E': 'E', 'C': 'S', 'L': 'X', 'P': 'P', 'O': 'R'}
41.00,ETROLESTOTRET,DNFISDTNINFDN,11x?,(2, 5),{'D': 'E', 'N': 'T', 'F': 'R', 'I': 'O', 'S': 'L', 'T': 'S'}
41.00,DERCLOSECORDE,EDSHOUWDHUSED,13x?,(1, 3),{'E': 'D', 'D': 'E', 'S': 'R', 'H': 'C', 'O': 'L', 'U': 'O', 'W': 'S'}
41.02,TYATUREETHATE,ERNEMOTTE NET,20x?,(1, 2),{'E': 'T', 'R': 'Y', 'N': 'A', 'M': 'U', 'O': 'R', 'T': 'E', ' ': 'H'}
41.05,LIDEVERIENDLI,OEARFRSERZAOE,11x?,(2, 5),{'O': 'L', 'E': 'I', 'A': 'D', 'R': 'E', 'F': 'V', 'S': 'R', 'Z': 'N'}
41.07,ERRESOLDERRED,E  EHACSE  ES,17x?,(2, 5),{'E': 'E', ' ': 'R', 'H': 'S', 'A': 'O', 'C': 'L', 'S': 'D'}
41.09,RGEENGTHENERH,ATEEHTWSEHEAS,20x?,(1, 2),{'A': 'R', 'T': 'G', 'E': 'E', 'H': 'N', 'W': 'T', 'S': 'H'}
41.10,EEEASIONAMEEN,   ENIDTEH  T,19x?,(2, 5),{' ': 'E', 'E': 'A', 'N': 'S', 'I': 'I', 'D': 'O', 'T': 'N', 'H': 'M'}
41.10,ANTESSINEATAN,AEHL  FELAHAE,22x?,(2, 3),{'A': 'A', 'E': 'N', 'H': 'T', 'L': 'E', ' ': 'S', 'F': 'I'}
41.11,EPRESNAMEFREM,ELREAFI ENRE ,11x?,(2, 3),{'E': 'E', 'L': 'P', 'R': 'R', 'A': 'S', 'F': 'N', 'I': 'A', ' ': 'M', 'N': 'F'}
41.12,IBSANDTOASSIO,LF NEHMPN  LP,15x?,(2, 3),{'L': 'I', 'F': 'B', ' ': 'S', 'N': 'A', 'E': 'N', 'H': 'D', 'M': 'T', 'P': 'O'}
41.12,PPINGETANCIPA,EENHROTIHSNEI,19x?,(2, 5),{'E': 'P', 'N': 'I', 'H': 'N', 'R': 'G', 'O': 'E', 'T': 'T', 'I': 'A', 'S': 'C'}
41.13,BEESTHEESHEBE,FAATOIAATIAFA,11x?,(2, 5),{'F': 'B', 'A': 'E', 'T': 'S', 'O': 'T', 'I': 'H'}
41.13,NCONSINANOONA,EFREIAETERRET,15x?,(1, 4),{'E': 'N', 'F': 'C', 'R': 'O', 'I': 'S', 'A': 'I', 'T': 'A'}
41.13,SRESWINESSESE,OITOFCATOOTOT,21x?,(1, 2),{'O': 'S', 'I': 'R', 'T': 'E', 'F': 'W', 'C': 'I', 'A': 'N'}
41.14,TCERTHEEREETE,IUTBIHTTBTTIT,19x?,(2, 3),{'I': 'T', 'U': 'C', 'T': 'E', 'B': 'R', 'H': 'H'}
41.15,YCLANDWEALLYE,EU RTNWOR  EO,15x?,(2, 3),{'E': 'Y', 'U': 'C', ' ': 'L', 'R': 'A', 'T': 'N', 'N': 'D', 'W': 'W', 'O': 'E'}
41.16,NHADICANDMANN,AHEDI EADTEAA,11x?,(1, 4),{'A': 'N', 'H': 'H', 'E': 'A', 'D': 'D', 'I': 'I', ' ': 'C', 'T': 'M'}
41.16,ANNEDINNEINAN,FAATOIAATIAFA,11x?,(2, 5),{'F': 'A', 'A': 'N', 'T': 'E', 'O': 'D', 'I': 'I'}
41.17,CKETODWITHECI,ESDNPFOTNADET,19x?,(1, 2),{'E': 'C', 'S': 'K', 'D': 'E', 'N': 'T', 'P': 'O', 'F': 'D', 'O': 'W', 'T': 'I', 'A': 'H'}
41.19,DDETHOUTTLEDT,  ETOMRTTSE T,21x?,(2, 3),{' ': 'D', 'E': 'E', 'T': 'T', 'O': 'H', 'M': 'O', 'R': 'U', 'S': 'L'}
41.20,IVEDONANDEEIN, WSCGEOECSS E,11x?,(2, 3),{' ': 'I', 'W': 'V', 'S': 'E', 'C': 'D', 'G': 'O', 'E': 'N', 'O': 'A'}
41.22,KEANTHEENLAKE, EGRUOEERSG E,11x?,(2, 3),{' ': 'K', 'E': 'E', 'G': 'A', 'R': 'N', 'U': 'T', 'O': 'H', 'S': 'L'}
41.22,LEARAIDERSALE,FRTETNBREWTFR,24x?,(1, 4),{'F': 'L', 'R': 'E', 'T': 'A', 'E': 'R', 'N': 'I', 'B': 'D', 'W': 'S'}
41.22,GANTAFRATINGA,WLSALYRLAFSWL,11x?,(2, 5),{'W': 'G', 'L': 'A', 'S': 'N', 'A': 'T', 'Y': 'F', 'R': 'R', 'F': 'I'}
41.22,UTETOGERTHEUR,OADAWYDHA DOH,13x?,(2, 3),{'O': 'U', 'A': 'T', 'D': 'E', 'W': 'O', 'Y': 'G', 'H': 'R', ' ': 'H'}
41.24,OETHEBESHOTOS,SODNOUOTNSDST,17x?,(1, 2),{'S': 'O', 'O': 'E', 'D': 'T', 'N': 'H', 'U': 'B', 'T': 'S'}
41.25,PHONOFOUNTOPU,EIAOADASO AES,11x?,(1, 2),{'E': 'P', 'I': 'H', 'A': 'O', 'O': 'N', 'D': 'F', 'S': 'U', ' ': 'T'}
41.27,HTTOSWASONTHS,HWWENSINEGWHN,11x?,(1, 3),{'H': 'H', 'W': 'T', 'E': 'O', 'N': 'S', 'S': 'W', 'I': 'A', 'G': 'N'}
41.27,GSEEMOTHEREGH, RTTFNSOTLT O,11x?,(1, 2),{' ': 'G', 'R': 'S', 'T': 'E', 'F': 'M', 'N': 'O', 'S': 'T', 'O': 'H', 'L': 'R'}
41.27,VEASSOMESTAVE,TLREEHULENRTL,11x?,(2, 3),{'T': 'V', 'L': 'E', 'R': 'A', 'E': 'S', 'H': 'O', 'U': 'M', 'N': 'T'}
41.29,EINSAVEASINEA,SHAIE SEIHASE,15x?,(2, 5),{'S': 'E', 'H': 'I', 'A': 'N', 'I': 'S', 'E': 'A', ' ': 'V'}
41.29,ODTOURSFORTOF,NUGNLTYENTGNE,15x?,(1, 2),{'N': 'O', 'U': 'D', 'G': 'T', 'L': 'U', 'T': 'R', 'Y': 'S', 'E': 'F'}
41.30,WHEENATHEFEWH, NEELRWNEDE N,11x?,(2, 5),{' ': 'W', 'N': 'H', 'E': 'E', 'L': 'N', 'R': 'A', 'W': 'T', 'D': 'F'}
41.30,ETROVEDTOCRET,TNOSETRNSPOTN,15x?,(2, 5),{'T': 'E', 'N': 'T', 'O': 'R', 'S': 'O', 'E': 'V', 'R': 'D', 'P': 'C'}
41.31,DLATISFATHADA, NTAWDETAOT T,11x?,(1, 3),{' ': 'D', 'N': 'L', 'T': 'A', 'A': 'T', 'W': 'I', 'D': 'S', 'E': 'F', 'O': 'H'}
41.31,SOROVERYOURSY,ITETN ESTOEIS,11x?,(1, 4),{'I': 'S', 'T': 'O', 'E': 'R', 'N': 'V', ' ': 'E', 'S': 'Y', 'O': 'U'}
41.32,ABEANIENAMEAN,ERIETHITEDIET,15x?,(2, 5),{'E': 'A', 'R': 'B', 'I': 'E', 'T': 'N', 'H': 'I', 'D': 'M'}
41.33,ISDARWASANDIS,OEHAINAEARHOE,20x?,(1, 2),{'O': 'I', 'E': 'S', 'H': 'D', 'A': 'A', 'I': 'R', 'N': 'W', 'R': 'N'}
41.34,NINTOSPITANNI,WNWAITGNADWWN,11x?,(2, 5),{'W': 'N', 'N': 'I', 'A': 'T', 'I': 'O', 'T': 'S', 'G': 'P', 'D': 'A'}
41.34,NTATOOUTTHANT,INBN  TNNCBIN,22x?,(2, 3),{'I': 'N', 'N': 'T', 'B': 'A', ' ': 'O', 'T': 'U', 'C': 'H'}
41.34,REETHTOUTHERU,HTTEWE LEWTHL,13x?,(1, 3),{'H': 'R', 'T': 'E', 'E': 'T', 'W': 'H', ' ': 'O', 'L': 'U'}
41.35,SMANDOVINGASI,HD AMTVOAE HO,15x?,(2, 5),{'H': 'S', 'D': 'M', ' ': 'A', 'A': 'N', 'M': 'D', 'T': 'O', 'V': 'V', 'O': 'I', 'E': 'G'}
41.35,SBERSTSTREEST,EY SENENS  EN,15x?,(2, 5),{'E': 'S', 'Y': 'B', ' ': 'E', 'S': 'R', 'N': 'T'}
41.35,VEELANDELIEVE, EETUMBETOE E,11x?,(2, 3),{' ': 'V', 'E': 'E', 'T': 'L', 'U': 'A', 'M': 'N', 'B': 'D', 'O': 'I'}
41.36,TTTHEPLEHATTE,   AOTPOAI  O,19x?,(2, 5),{' ': 'T', 'A': 'H', 'O': 'E', 'T': 'P', 'P': 'L', 'I': 'A'}
41.38,SISNORLINESSI,RORH CTOHURRO,22x?,(2, 3),{'R': 'S', 'O': 'I', 'H': 'N', ' ': 'O', 'C': 'R', 'T': 'L', 'U': 'E'}
41.38,YPTTOTHETITYE,SPEEHEMNELESN,13x?,(1, 3),{'S': 'Y', 'P': 'P', 'E': 'T', 'H': 'O', 'M': 'H', 'N': 'E', 'L': 'I'}
41.38,GINDSSAIDINGI,LSOE  TSESOLS,22x?,(2, 3),{'L': 'G', 'S': 'I', 'O': 'N', 'E': 'D', ' ': 'S', 'T': 'A'}
41.38,DHEREONORMEDO,GHEAETNTAIEGT,19x?,(1, 2),{'G': 'D', 'H': 'H', 'E': 'E', 'A': 'R', 'T': 'O', 'N': 'N', 'I': 'M'}
41.38,GEANTOCENTAGE,GOWAEHMOAEWGO,11x?,(2, 5),{'G': 'G', 'O': 'E', 'W': 'A', 'A': 'N', 'E': 'T', 'H': 'O', 'M': 'C'}
41.38,OYSANDEPASSOP, FHREUIORHH O,11x?,(2, 5),{' ': 'O', 'F': 'Y', 'H': 'S', 'R': 'A', 'E': 'N', 'U': 'D', 'I': 'E', 'O': 'P'}
